Coordenada x (long);Coordenada y (lat);Conteo árboles
-76,08842205;4,308582154;1
-76,088422;4,854598;2
-76,088386;4,858210;3
-76,088386;4,854594;4
-76,088349;4,861822;5
-76,088349;4,858206;6
-76,088350;4,854589;7
-76,088350;4,850972;8
-76,088313;4,861818;9
-76,088313;4,858201;10
-76,088314;4,854584;11
-76,088314;4,850967;12
-76,088314;4,847351;13
-76,088277;4,865430;14
-76,088277;4,861813;15
-76,088277;4,858196;16
-76,088277;4,854579;17
-76,088278;4,850963;18
-76,088278;4,847346;19
-76,088241;4,869042;20
-76,088241;4,865425;21
-76,088241;4,861808;22
-76,088241;4,858191;23
-76,088241;4,854575;24
-76,088241;4,850958;25
-76,088242;4,847341;26
-76,088242;4,843725;27
-76,088205;4,869037;28
-76,088205;4,865420;29
-76,088205;4,861804;30
-76,088205;4,858187;31
-76,088205;4,854570;32
-76,088205;4,850953;33
-76,088206;4,847337;34
-76,088206;4,843720;35
-76,088206;4,840103;36
-76,088169;4,872649;37
-76,088169;4,869032;38
-76,088169;4,865416;39
-76,088169;4,861799;40
-76,088169;4,858182;41
-76,088169;4,854565;42
-76,088169;4,850949;43
-76,088169;4,847332;44
-76,088170;4,843715;45
-76,088170;4,840098;46
-76,088133;4,872644;47
-76,088133;4,869028;48
-76,088133;4,865411;49
-76,088133;4,861794;50
-76,088133;4,858177;51
-76,088133;4,854561;52
-76,088133;4,850944;53
-76,088133;4,847327;54
-76,088134;4,843710;55
-76,088134;4,840094;56
-76,088134;4,836477;57
-76,088097;4,876256;58
-76,088097;4,872640;59
-76,088097;4,869023;60
-76,088097;4,865406;61
-76,088097;4,861789;62
-76,088097;4,858173;63
-76,088097;4,854556;64
-76,088097;4,850939;65
-76,088097;4,847323;66
-76,088097;4,843706;67
-76,088098;4,840089;68
-76,088098;4,836472;69
-76,088098;4,832856;70
-76,088061;4,876252;71
-76,088061;4,872635;72
-76,088061;4,869018;73
-76,088061;4,865401;74
-76,088061;4,861785;75
-76,088061;4,858168;76
-76,088061;4,854551;77
-76,088061;4,850935;78
-76,088061;4,847318;79
-76,088061;4,843701;80
-76,088061;4,840084;81
-76,088062;4,836468;82
-76,088062;4,832851;83
-76,088025;4,879864;84
-76,088025;4,876247;85
-76,088025;4,872630;86
-76,088025;4,869014;87
-76,088025;4,865397;88
-76,088025;4,861780;89
-76,088025;4,858163;90
-76,088025;4,854547;91
-76,088025;4,850930;92
-76,088025;4,847313;93
-76,088025;4,843696;94
-76,088025;4,840080;95
-76,088026;4,836463;96
-76,088026;4,832846;97
-76,088026;4,829229;98
-76,087989;4,883476;99
-76,087989;4,879859;100
-76,087989;4,876242;101
-76,087989;4,872626;102
-76,087989;4,869009;103
-76,087989;4,865392;104
-76,087989;4,861775;105
-76,087989;4,858159;106
-76,087989;4,854542;107
-76,087989;4,850925;108
-76,087989;4,847308;109
-76,087989;4,843692;110
-76,087989;4,840075;111
-76,087989;4,836458;112
-76,087990;4,832842;113
-76,087990;4,829225;114
-76,087990;4,825608;115
-76,087953;4,883471;116
-76,087953;4,879854;117
-76,087953;4,876238;118
-76,087953;4,872621;119
-76,087953;4,869004;120
-76,087953;4,865387;121
-76,087953;4,861771;122
-76,087953;4,858154;123
-76,087953;4,854537;124
-76,087953;4,850920;125
-76,087953;4,847304;126
-76,087953;4,843687;127
-76,087953;4,840070;128
-76,087953;4,836454;129
-76,087954;4,832837;130
-76,087954;4,829220;131
-76,087954;4,825603;132
-76,087917;4,887083;133
-76,087917;4,883466;134
-76,087917;4,879850;135
-76,087917;4,876233;136
-76,087917;4,872616;137
-76,087917;4,868999;138
-76,087917;4,865383;139
-76,087917;4,861766;140
-76,087917;4,858149;141
-76,087917;4,854533;142
-76,087917;4,850916;143
-76,087917;4,847299;144
-76,087917;4,843682;145
-76,087917;4,840066;146
-76,087917;4,836449;147
-76,087917;4,832832;148
-76,087918;4,829215;149
-76,087918;4,825599;150
-76,087918;4,821982;151
-76,087881;4,887078;152
-76,087881;4,883462;153
-76,087881;4,879845;154
-76,087881;4,876228;155
-76,087881;4,872611;156
-76,087881;4,868995;157
-76,087881;4,865378;158
-76,087881;4,861761;159
-76,087881;4,858145;160
-76,087881;4,854528;161
-76,087881;4,850911;162
-76,087881;4,847294;163
-76,087881;4,843678;164
-76,087881;4,840061;165
-76,087881;4,836444;166
-76,087881;4,832827;167
-76,087881;4,829211;168
-76,087882;4,825594;169
-76,087882;4,821977;170
-76,087882;4,818361;171
-76,087845;4,890690;172
-76,087845;4,887074;173
-76,087845;4,883457;174
-76,087845;4,879840;175
-76,087845;4,876223;176
-76,087845;4,872607;177
-76,087845;4,868990;178
-76,087845;4,865373;179
-76,087845;4,861757;180
-76,087845;4,858140;181
-76,087845;4,854523;182
-76,087845;4,847290;183
-76,087845;4,843673;184
-76,087845;4,840056;185
-76,087845;4,836439;186
-76,087845;4,832823;187
-76,087845;4,829206;188
-76,087846;4,825589;189
-76,087846;4,821973;190
-76,087846;4,818356;191
-76,087809;4,890686;192
-76,087809;4,887069;193
-76,087809;4,883452;194
-76,087809;4,879836;195
-76,087809;4,876219;196
-76,087809;4,872602;197
-76,087809;4,868985;198
-76,087809;4,865369;199
-76,087809;4,861752;200
-76,087809;4,858135;201
-76,087809;4,854518;202
-76,087809;4,847285;203
-76,087809;4,843668;204
-76,087809;4,840052;205
-76,087809;4,836435;206
-76,087809;4,832818;207
-76,087809;4,829201;208
-76,087809;4,825585;209
-76,087810;4,821968;210
-76,087810;4,818351;211
-76,087810;4,814734;212
-76,087773;4,894298;213
-76,087773;4,890681;214
-76,087773;4,887064;215
-76,087773;4,883448;216
-76,087773;4,879831;217
-76,087773;4,876214;218
-76,087773;4,872597;219
-76,087773;4,868981;220
-76,087773;4,865364;221
-76,087773;4,861747;222
-76,087773;4,858130;223
-76,087773;4,854514;224
-76,087773;4,850897;225
-76,087773;4,847280;226
-76,087773;4,843664;227
-76,087773;4,840047;228
-76,087773;4,836430;229
-76,087773;4,832813;230
-76,087773;4,829197;231
-76,087773;4,825580;232
-76,087774;4,821963;233
-76,087774;4,818346;234
-76,087774;4,814730;235
-76,087774;4,811113;236
-76,087736;4,897910;237
-76,087737;4,894293;238
-76,087737;4,890676;239
-76,087737;4,887060;240
-76,087737;4,883443;241
-76,087737;4,879826;242
-76,087737;4,876209;243
-76,087737;4,872593;244
-76,087737;4,868976;245
-76,087737;4,865359;246
-76,087737;4,861742;247
-76,087737;4,858126;248
-76,087737;4,854509;249
-76,087737;4,850892;250
-76,087737;4,847276;251
-76,087737;4,843659;252
-76,087737;4,840042;253
-76,087737;4,836425;254
-76,087737;4,832809;255
-76,087737;4,829192;256
-76,087737;4,825575;257
-76,087737;4,821958;258
-76,087738;4,818342;259
-76,087738;4,814725;260
-76,087738;4,811108;261
-76,087700;4,897905;262
-76,087701;4,894288;263
-76,087701;4,890672;264
-76,087701;4,887055;265
-76,087701;4,883438;266
-76,087701;4,879821;267
-76,087701;4,876205;268
-76,087701;4,872588;269
-76,087701;4,868971;270
-76,087701;4,865355;271
-76,087701;4,861738;272
-76,087701;4,858121;273
-76,087701;4,854504;274
-76,087701;4,850888;275
-76,087701;4,847271;276
-76,087701;4,843654;277
-76,087701;4,840037;278
-76,087701;4,836421;279
-76,087701;4,832804;280
-76,087701;4,829187;281
-76,087701;4,825571;282
-76,087701;4,821954;283
-76,087701;4,818337;284
-76,087702;4,814720;285
-76,087702;4,811104;286
-76,087702;4,807487;287
-76,087664;4,901517;288
-76,087664;4,897900;289
-76,087664;4,894284;290
-76,087665;4,890667;291
-76,087665;4,887050;292
-76,087665;4,883433;293
-76,087665;4,879817;294
-76,087665;4,876200;295
-76,087665;4,868967;296
-76,087665;4,865350;297
-76,087665;4,861733;298
-76,087665;4,858116;299
-76,087665;4,854500;300
-76,087665;4,850883;301
-76,087665;4,847266;302
-76,087665;4,843649;303
-76,087665;4,840033;304
-76,087665;4,836416;305
-76,087665;4,832799;306
-76,087665;4,829183;307
-76,087665;4,825566;308
-76,087665;4,821949;309
-76,087665;4,818332;310
-76,087666;4,814716;311
-76,087666;4,811099;312
-76,087666;4,807482;313
-76,087666;4,803865;314
-76,087628;4,901512;315
-76,087628;4,897896;316
-76,087628;4,894279;317
-76,087629;4,890662;318
-76,087629;4,887046;319
-76,087629;4,879812;320
-76,087629;4,868962;321
-76,087629;4,865345;322
-76,087629;4,861728;323
-76,087629;4,858112;324
-76,087629;4,854495;325
-76,087629;4,850878;326
-76,087629;4,847261;327
-76,087629;4,843645;328
-76,087629;4,840028;329
-76,087629;4,836411;330
-76,087629;4,832795;331
-76,087629;4,829178;332
-76,087629;4,825561;333
-76,087629;4,821944;334
-76,087629;4,818328;335
-76,087629;4,814711;336
-76,087630;4,811094;337
-76,087630;4,807477;338
-76,087630;4,803861;339
-76,087592;4,905124;340
-76,087592;4,901508;341
-76,087592;4,897891;342
-76,087592;4,894274;343
-76,087592;4,890658;344
-76,087593;4,887041;345
-76,087593;4,876191;346
-76,087593;4,872574;347
-76,087593;4,865340;348
-76,087593;4,861724;349
-76,087593;4,858107;350
-76,087593;4,854490;351
-76,087593;4,850874;352
-76,087593;4,847257;353
-76,087593;4,843640;354
-76,087593;4,840023;355
-76,087593;4,836407;356
-76,087593;4,832790;357
-76,087593;4,829173;358
-76,087593;4,825556;359
-76,087593;4,821940;360
-76,087593;4,818323;361
-76,087593;4,814706;362
-76,087594;4,811090;363
-76,087594;4,807473;364
-76,087594;4,803856;365
-76,087594;4,800239;366
-76,087556;4,905120;367
-76,087556;4,901503;368
-76,087556;4,897886;369
-76,087556;4,894270;370
-76,087556;4,890653;371
-76,087556;4,887036;372
-76,087557;4,883419;373
-76,087557;4,879803;374
-76,087557;4,876186;375
-76,087557;4,865336;376
-76,087557;4,858102;377
-76,087557;4,854486;378
-76,087557;4,850869;379
-76,087557;4,847252;380
-76,087557;4,843635;381
-76,087557;4,840019;382
-76,087557;4,836402;383
-76,087557;4,832785;384
-76,087557;4,829168;385
-76,087557;4,825552;386
-76,087557;4,821935;387
-76,087557;4,818318;388
-76,087557;4,814702;389
-76,087557;4,811085;390
-76,087558;4,807468;391
-76,087558;4,803851;392
-76,087558;4,800235;393
-76,087520;4,908732;394
-76,087520;4,905115;395
-76,087520;4,901498;396
-76,087520;4,897882;397
-76,087520;4,894265;398
-76,087520;4,890648;399
-76,087520;4,887031;400
-76,087521;4,883415;401
-76,087521;4,879798;402
-76,087521;4,876181;403
-76,087521;4,872565;404
-76,087521;4,865331;405
-76,087521;4,854481;406
-76,087521;4,850864;407
-76,087521;4,847247;408
-76,087521;4,843631;409
-76,087521;4,840014;410
-76,087521;4,836397;411
-76,087521;4,832780;412
-76,087521;4,829164;413
-76,087521;4,825547;414
-76,087521;4,821930;415
-76,087521;4,818314;416
-76,087521;4,814697;417
-76,087521;4,807463;418
-76,087522;4,803847;419
-76,087522;4,800230;420
-76,087522;4,796613;421
-76,087484;4,908727;422
-76,087484;4,905110;423
-76,087484;4,901494;424
-76,087484;4,897877;425
-76,087484;4,894260;426
-76,087484;4,890643;427
-76,087484;4,887027;428
-76,087484;4,883410;429
-76,087485;4,879793;430
-76,087485;4,876177;431
-76,087485;4,872560;432
-76,087485;4,868943;433
-76,087485;4,865326;434
-76,087485;4,858093;435
-76,087485;4,854476;436
-76,087485;4,850859;437
-76,087485;4,847243;438
-76,087485;4,836393;439
-76,087485;4,832776;440
-76,087485;4,829159;441
-76,087485;4,825542;442
-76,087485;4,821926;443
-76,087485;4,818309;444
-76,087485;4,814692;445
-76,087485;4,811075;446
-76,087485;4,807459;447
-76,087486;4,803842;448
-76,087486;4,800225;449
-76,087486;4,796609;450
-76,087448;4,901489;451
-76,087448;4,897872;452
-76,087448;4,894255;453
-76,087448;4,890639;454
-76,087448;4,887022;455
-76,087448;4,883405;456
-76,087448;4,879789;457
-76,087449;4,876172;458
-76,087449;4,872555;459
-76,087449;4,868938;460
-76,087449;4,865322;461
-76,087449;4,861705;462
-76,087449;4,858088;463
-76,087449;4,854471;464
-76,087449;4,850855;465
-76,087449;4,847238;466
-76,087449;4,843621;467
-76,087449;4,840005;468
-76,087449;4,836388;469
-76,087449;4,832771;470
-76,087449;4,829154;471
-76,087449;4,825538;472
-76,087449;4,821921;473
-76,087449;4,818304;474
-76,087449;4,814687;475
-76,087449;4,811071;476
-76,087449;4,807454;477
-76,087449;4,803837;478
-76,087450;4,800221;479
-76,087450;4,796604;480
-76,087412;4,897868;481
-76,087412;4,894251;482
-76,087412;4,890634;483
-76,087412;4,887017;484
-76,087412;4,883401;485
-76,087412;4,879784;486
-76,087413;4,876167;487
-76,087413;4,872550;488
-76,087413;4,868934;489
-76,087413;4,865317;490
-76,087413;4,861700;491
-76,087413;4,858084;492
-76,087413;4,854467;493
-76,087413;4,850850;494
-76,087413;4,847233;495
-76,087413;4,843617;496
-76,087413;4,840000;497
-76,087413;4,836383;498
-76,087413;4,832766;499
-76,087413;4,829150;500
-76,087413;4,825533;501
-76,087413;4,821916;502
-76,087413;4,818299;503
-76,087413;4,814683;504
-76,087413;4,811066;505
-76,087413;4,807449;506
-76,087413;4,803833;507
-76,087413;4,800216;508
-76,087414;4,796599;509
-76,087414;4,792982;510
-76,087376;4,890629;511
-76,087376;4,887013;512
-76,087376;4,883396;513
-76,087376;4,879779;514
-76,087376;4,876162;515
-76,087377;4,872546;516
-76,087377;4,868929;517
-76,087377;4,865312;518
-76,087377;4,861696;519
-76,087377;4,858079;520
-76,087377;4,854462;521
-76,087377;4,850845;522
-76,087377;4,847229;523
-76,087377;4,843612;524
-76,087377;4,839995;525
-76,087377;4,836378;526
-76,087377;4,832762;527
-76,087377;4,829145;528
-76,087377;4,825528;529
-76,087377;4,821912;530
-76,087377;4,818295;531
-76,087377;4,814678;532
-76,087377;4,811061;533
-76,087377;4,807445;534
-76,087377;4,803828;535
-76,087377;4,800211;536
-76,087378;4,796594;537
-76,087378;4,792978;538
-76,087340;4,883391;539
-76,087340;4,879774;540
-76,087340;4,876158;541
-76,087341;4,872541;542
-76,087341;4,868924;543
-76,087341;4,865308;544
-76,087341;4,861691;545
-76,087341;4,858074;546
-76,087341;4,854457;547
-76,087341;4,850841;548
-76,087341;4,847224;549
-76,087341;4,843607;550
-76,087341;4,839990;551
-76,087341;4,829140;552
-76,087341;4,825524;553
-76,087341;4,821907;554
-76,087341;4,818290;555
-76,087341;4,814673;556
-76,087341;4,811057;557
-76,087341;4,807440;558
-76,087341;4,803823;559
-76,087341;4,800206;560
-76,087341;4,796590;561
-76,087342;4,792973;562
-76,087342;4,789356;563
-76,087304;4,879770;564
-76,087304;4,876153;565
-76,087304;4,872536;566
-76,087305;4,868920;567
-76,087305;4,865303;568
-76,087305;4,861686;569
-76,087305;4,858069;570
-76,087305;4,854453;571
-76,087305;4,850836;572
-76,087305;4,847219;573
-76,087305;4,843603;574
-76,087305;4,839986;575
-76,087305;4,829136;576
-76,087305;4,825519;577
-76,087305;4,821902;578
-76,087305;4,818285;579
-76,087305;4,814669;580
-76,087305;4,811052;581
-76,087305;4,807435;582
-76,087305;4,803818;583
-76,087305;4,800202;584
-76,087305;4,796585;585
-76,087306;4,792968;586
-76,087268;4,872532;587
-76,087268;4,868915;588
-76,087269;4,865298;589
-76,087269;4,861681;590
-76,087269;4,858065;591
-76,087269;4,854448;592
-76,087269;4,850831;593
-76,087269;4,847215;594
-76,087269;4,843598;595
-76,087269;4,839981;596
-76,087269;4,836364;597
-76,087269;4,832748;598
-76,087269;4,829131;599
-76,087269;4,825514;600
-76,087269;4,821897;601
-76,087269;4,818281;602
-76,087269;4,814664;603
-76,087269;4,811047;604
-76,087269;4,807431;605
-76,087269;4,803814;606
-76,087269;4,800197;607
-76,087233;4,865293;608
-76,087233;4,861677;609
-76,087233;4,858060;610
-76,087233;4,854443;611
-76,087233;4,850827;612
-76,087233;4,847210;613
-76,087233;4,843593;614
-76,087233;4,839976;615
-76,087233;4,836360;616
-76,087233;4,832743;617
-76,087233;4,829126;618
-76,087233;4,825509;619
-76,087233;4,821893;620
-76,087233;4,818276;621
-76,087233;4,814659;622
-76,087233;4,811043;623
-76,087233;4,807426;624
-76,087197;4,858055;625
-76,087197;4,854439;626
-76,087197;4,850822;627
-76,087197;4,847205;628
-76,087197;4,843588;629
-76,087197;4,839972;630
-76,087197;4,836355;631
-76,087197;4,832738;632
-76,087197;4,829122;633
-76,087197;4,825505;634
-76,087197;4,821888;635
-76,087197;4,818271;636
-76,087197;4,814655;637
-76,087161;4,836350;638
-76,087161;4,832734;639
-76,087161;4,829117;640
-76,087161;4,825500;641
-76,087161;4,821883;642
